area,year,ag_withdrawal_pct_trwr_pct,ag_withdrawal_pc_m3phab_yr,dam_cap_pc_m3phab,gw_internal_recharge_km3_yr,ind_withdrawal_pc_m3phab_yr,mun_withdrawal_pc_m3phab_yr,sdg642_ag_contrib_ws_pct,sdg642_ind_contrib_ws_pct,sdg642_mun_contrib_ws_pct,sdg642_water_stress_pct,dam_cap_total_km3,tfww_km3_yr,trgw_km3_yr,trwr_km3_yr,tww_pc_m3phab_yr,tfww_trwr_pct,stockage_sur_trwr_pct,part_ag_pct,part_ind_pct,part_mun_pct
Algeria,2020,63.358189766,167.839442501,195.704831544,1.487,4.836282637,82.62550477,98.321209612,2.833119271,48.402446128,149.556775011,8.61925,10.629,1.517,11.667,255.301229907,91.103111339676,73.87717493785891,65.74172892239486,1.8943436499548942,32.36392742804195
Algeria,2021,61.129682009,159.334783089,192.561179072,1.487,4.602210504,73.344937308,94.408703937,2.726891897,43.458184945,140.59378078,8.61925,9.992,1.517,11.667,237.281930902,85.643267335219,73.87717493785891,67.1499858768458,1.9395537142273016,30.91046040850546
Algeria,2022,63.349618582,162.520324111,189.528251061,1.487,3.979999819,74.520549102,97.648704663,2.391342923,44.774923569,144.814971155,8.61925,10.292,1.517,11.667,241.020873032,88.21462243935888,73.87717493785891,67.42997901655697,1.6513091870145127,30.918711796428525
Angola,2020,0.098854447,4.385501812,282.358456509,58.0,7.162687349,9.551246278,0.389069536,0.635453721,0.847360032,1.871883289,9.44521,0.7057,58.0,148.4,21.099435439,0.47553908355795144,6.3646967654986515,20.784924907961656,33.947293849202026,45.26778124283632
Angola,2021,0.098854447,4.248180746,273.517104748,58.0,6.938405636,9.252172791,0.389069536,0.635453721,0.847360032,1.871883289,9.44521,0.7057,58.0,148.4,20.438759173,0.47553908355795144,6.3646967654986515,20.784924906850165,33.94729385121269,45.26778124193713
Angola,2022,0.098854447,4.116735811,265.054084844,58.0,6.723721201,8.965897011,0.389069536,0.635453721,0.847360032,1.871883289,9.44521,0.7057,58.0,148.4,19.806354023,0.47553908355795144,6.3646967654986515,20.784924909549062,33.94729384919668,45.26778124125424
Benin,2020,0.223569534,4.514096184,1.797987463,1.8,2.295303144,11.093965197,0.245894807,0.125031258,0.604317746,0.975243811,0.0235,0.13,1.8,26.39,17.903364524,0.49261083743842365,0.08904888215233044,25.213675217016988,12.820512819939944,61.96581196862861
Benin,2021,0.223569534,4.398580913,1.751977144,1.8,2.236566566,10.810071736,0.245894807,0.125031258,0.604317746,0.975243811,0.0235,0.13,1.8,26.39,17.445219216,0.49261083743842365,0.08904888215233044,25.213675211176547,12.820512819630938,61.965811963460276
Benin,2022,0.223569534,4.287946198,1.707910774,1.8,2.180311626,10.53817286,0.245894807,0.125031258,0.604317746,0.975243811,0.0235,0.13,1.8,26.39,17.006430684,0.49261083743842365,0.08904888215233044,25.213675213072122,12.820512819608183,61.96581196731968
Botswana,2020,0.665601307,34.435016953,469.042569109,1.7,12.577317496,46.156505744,0.851925128,0.311163861,1.141915717,2.305004706,1.109705,0.2204276,1.7,12.24,93.168840193,1.8008790849673204,9.066217320261437,36.959799952073666,13.499489174648932,49.540710873277405
Botswana,2021,0.637251128,32.480305783,462.099631013,1.7,11.472418852,53.331160749,0.815638795,0.288093036,1.339241201,2.442973031,1.109705,0.233621511,1.7,12.24,97.283885384,1.9086724754901963,9.066217320261437,33.38713873813056,11.792722717350305,54.82013854451913
Botswana,2022,0.487425302,24.452253215,454.817262403,1.7,9.957433362,53.005414174,0.623791133,0.254019889,1.352198797,2.230009819,1.109705,0.213255839,1.7,12.24,87.41510075,1.7422862663398693,9.066217320261437,27.972573394305677,11.390976246172205,60.63645036066609
Burkina Faso,2020,3.116296296,19.586855623,248.505459365,9.5,1.010303701,17.487100005,4.021988528,0.207456979,3.59082218,7.820267686,5.337571725,0.818,9.5,13.5,38.084259329,6.059259259259259,39.53756833333333,51.430317848101645,2.652811735872948,45.91687041602541
Burkina Faso,2021,3.116296296,19.126863022,242.669368327,9.5,0.986576961,17.07641966,4.021988528,0.207456979,3.59082218,7.820267686,5.337571725,0.818,9.5,13.5,37.189859644,6.059259259259259,39.53756833333333,51.430317847638925,2.6528117353601486,45.91687041431201
Burkina Faso,2022,3.116296296,18.690270104,237.130157451,9.5,0.964057193,16.686630499,4.021988528,0.207456979,3.59082218,7.820267686,5.337571725,0.818,9.5,13.5,36.340957797,6.059259259259259,39.53756833333333,51.43031784798723,2.6528117348618268,45.91687041439922
Burundi,2020,1.770899809,17.595257714,193.4965404586667,7.47,1.188868764,3.41601625,8.07860262,0.545851528,1.568413392,10.19286754,1.717469,0.2801,7.47,12.536,22.200142728,2.2343650287172943,13.70029514996809,79.2574080697595,5.355230272914127,15.38736165732637
Burundi,2021,1.770899809,17.122388286,193.4965404586667,7.47,1.156918127,3.32421142,8.07860262,0.545851528,1.568413392,10.19286754,1.717469,0.2801,7.47,12.536,21.603517833,2.2343650287172943,13.70029514996809,79.2574080682594,5.355230272880715,15.387361658859886
Burundi,2022,1.770899809,16.665294157,193.4965404586667,7.47,1.126033389,3.235469271,8.07860262,0.545851528,1.568413392,10.19286754,1.717469,0.2801,7.47,12.536,21.026796817,2.2343650287172943,13.70029514996809,79.25740806857581,5.355230274968039,15.387361656456148
Cabo Verde,2020,37.733583333,219.944373095,0.0,0.124,10.225052897,339.074588238,26.638465335,1.238402753,41.066868579,68.943736667,0.0,0.20683121,0.124,0.3,569.24401423,68.94373666666667,0.0,38.637977316724616,1.7962512808906976,59.5657714023847
Cabo Verde,2021,36.42317,211.496606013,0.0,0.124,10.944219383,274.899244942,24.315049845,1.258219906,31.604236915,57.177506667,0.0,0.17153252,0.124,0.3,497.340070338,57.177506666666666,0.0,42.525551152406365,2.2005504956723354,55.273898351921304
Cabo Verde,2022,34.405786667,198.593838085,0.0,0.124,10.801072072,299.947762443,23.270810944,1.265647054,35.147252001,59.68371,0.0,0.17905113,0.124,0.3,509.3426726,59.683710000000005,0.0,38.9902218620824,2.1205904498173394,58.88918768810025
Cameroon,2020,0.260286067,28.118439905,595.585298108,100.0,3.990758228,9.416052875,1.056630824,0.149964158,0.353835125,1.560430107,15.610623,1.0884,100.0,283.15,41.525251008,0.3843898993466361,5.513199011124846,67.71407570681,9.610437339032977,22.67548695415703
Cameroon,2021,0.260286067,27.38172932,579.980805296,100.0,3.886199304,9.169349791,1.056630824,0.149964158,0.353835125,1.560430107,15.610623,1.0884,100.0,283.15,40.437278415,0.3843898993466361,5.513199011124846,67.71407570753547,9.610437339814725,22.675486952649802
Cameroon,2022,0.260286067,26.67123033,564.931508317,100.0,3.785360505,8.931424214,1.056630824,0.149964158,0.353835125,1.560430107,15.610623,1.0884,100.0,283.15,39.388015049,0.3843898993466361,5.513199011124846,67.71407570759811,9.610437338085926,22.675486954315954
Central African Republic,2020,0.000283688,0.079576209,273.643215367,56.0,2.387286268,11.956325394,0.001851852,0.055555556,0.278240741,0.335648148,9.44521,0.0725,56.0,141.0,14.423187871,0.05141843971631205,6.6987304964539005,0.5517241383231234,16.551724135827143,82.89655172584973
Central African Republic,2021,0.000283688,0.078245731,273.643215367,56.0,2.347371922,11.75642104,0.001851852,0.055555556,0.278240741,0.335648148,9.44521,0.0725,56.0,141.0,14.182038693,0.05141843971631205,6.6987304964539005,0.5517241399053627,16.551724140751503,82.89655171934314
Central African Republic,2022,0.000283688,0.078461542,273.643215367,56.0,2.353846253,11.788846653,0.001851852,0.055555556,0.278240741,0.335648148,9.44521,0.0725,56.0,141.0,14.221154448,0.05141843971631205,6.6987304964539005,0.5517241394634771,16.551724134681866,82.89655172585466
Chad,2020,1.470897155,39.025400706,4567.905373218667,11.5,6.020431498,6.020431498,3.282226563,0.506347656,0.506347656,4.294921875,148.50437,0.8796,11.5,45.7,51.066263702,1.9247264770240702,324.9548577680525,76.4211005013699,11.789449749315045,11.789449749315045
Chad,2021,1.470897155,37.704156763,4567.905373218667,11.5,5.816603773,5.816603773,3.282226563,0.506347656,0.506347656,4.294921875,148.50437,0.8796,11.5,45.7,49.337364309,1.9247264770240702,324.9548577680525,76.42110050074584,11.789449749627076,11.789449749627076
Chad,2022,1.470897155,36.423109743,4567.905373218667,11.5,5.61897721,5.61897721,3.282226563,0.506347656,0.506347656,4.294921875,148.50437,0.8796,11.5,45.7,47.661064162,1.9247264770240702,324.9548577680525,76.42110050081511,11.78944975064151,11.78944975064151
Comoros,2020,0.391666667,5.859158301,1270.8856087593333,1.0,0.623314713,5.983821243,0.391666667,0.041666667,0.4,0.833333333,2.873395,0.01,1.0,1.2,12.466294257,0.8333333333333334,239.44958333333332,47.00000000168454,5.000000001203245,47.99999999711221
Comoros,2021,0.391666667,5.744499336,1270.8856087593333,1.0,0.611116951,5.866722726,0.391666667,0.041666667,0.4,0.833333333,2.873395,0.01,1.0,1.2,12.222339013,0.8333333333333334,239.44958333333332,46.99999999910001,5.000000002863609,47.99999999803639
Comoros,2022,0.391666667,5.634221542,1270.8856087593333,1.0,0.599385271,5.754098597,0.391666667,0.041666667,0.4,0.833333333,2.873395,0.01,1.0,1.2,11.987705409,0.8333333333333334,239.44958333333332,46.99999999808137,5.000000004588034,48.000000005672476
Congo,2020,0.000480769,0.695314674,1.564458017,122.0,4.171888045,11.072886187,0.001197221,0.007183328,0.019093079,0.027446301,0.009,0.046,122.0,832.0,15.940088906,0.005528846153846153,0.001081730769230769,4.3620501623317605,26.172300980264055,69.46564885740418
Congo,2021,0.000480769,0.678865541,1.527447467,122.0,4.073193246,10.81093374,0.001197221,0.007183328,0.019093079,0.027446301,0.009,0.046,122.0,832.0,15.562992528,0.005528846153846153,0.001081730769230769,4.362050163415717,26.172300980494306,69.46564884966448
Congo,2022,0.000480769,0.66278891,1.491275047,122.0,3.976733458,10.554913387,0.001197221,0.007183328,0.019093079,0.027446301,0.009,0.046,122.0,832.0,15.194435755,0.005528846153846153,0.001081730769230769,4.3620501655146855,26.172300979925396,69.4656488545599
Côte d'Ivoire,2020,0.713097219,20.750153318,1288.027725248,37.84,8.369228505,11.066748436,2.626970228,1.059544658,1.401050788,5.087565674,37.2439,1.162,37.84,84.14,40.186130259,1.3810316139767054,44.264202519610166,51.63511187632414,20.826161790299892,27.538726333375966
Côte d'Ivoire,2021,0.713097219,20.243095283,1256.553027328,37.84,8.164715097,10.796317484,2.626970228,1.059544658,1.401050788,5.087565674,37.2439,1.162,37.84,84.14,39.204127864,1.3810316139767054,44.264202519610166,51.635111877054754,20.82616178919623,27.538726333749004
Côte d'Ivoire,2022,0.713097219,19.740087531,1225.329743357,37.84,7.961835304,10.528046683,2.626970228,1.059544658,1.401050788,5.087565674,37.2439,1.162,37.84,84.14,38.229969519,1.3810316139767054,44.264202519610166,51.63511187522482,20.826161789229335,27.53872633293009
Democratic Republic of the Congo,2020,0.005604053,0.749036374,0.550765716,421.0,1.529326003,4.843212936,0.023863259,0.048722204,0.154298042,0.226883505,0.052868,0.6836,421.0,1283.0,7.121575313,0.05328137178487919,0.004120654715510522,10.517846699348667,21.474546512318824,68.0076067883325
Democratic Republic of the Congo,2021,0.005604053,0.725171704,0.533218048,421.0,1.480600921,4.688905777,0.023863259,0.048722204,0.154298042,0.226883505,0.052868,0.6836,421.0,1283.0,6.894678402,0.05328137178487919,0.004120654715510522,10.517846688681564,21.474546522293323,68.00760678902512
Democratic Republic of the Congo,2022,0.005604053,0.702169228,0.51630435,421.0,1.433636199,4.540173494,0.023863259,0.048722204,0.154298042,0.226883505,0.052868,0.6836,421.0,1283.0,6.675978922,0.05328137178487919,0.004120654715510522,10.517846688911401,21.47454651595139,68.00760678015814
Djibouti,2020,1.0,2.714470298,1270.8856087593333,0.015,0.0,14.477174924,1.0,0.0,5.333333333,6.333333333,2.873395,0.019,0.015,0.3,17.191645222,6.333333333333333,957.7983333333333,15.789473682985943,0.0,84.21052631701407
Djibouti,2021,1.0,2.675590057,1270.8856087593333,0.015,0.0,14.269813636,1.0,0.0,5.333333333,6.333333333,2.873395,0.019,0.015,0.3,16.945403693,6.333333333333333,957.7983333333333,15.789473685452906,0.0,84.21052631454711
Djibouti,2022,1.0,2.638299669,1270.8856087593333,0.015,0.0,14.070931566,1.0,0.0,5.333333333,6.333333333,2.873395,0.019,0.015,0.3,16.709231235,6.333333333333333,957.7983333333333,15.789473686100434,0.0,84.21052631389956
Egypt,2020,106.695652174,561.22151954,1538.641203938,0.5,49.398471158,98.339549064,111.74863388,9.836065574,19.581056466,141.16575592,168.196754,77.5,1.5,57.5,708.959539761,134.7826086956522,292.5160939130435,79.16129032260368,6.9677419355486645,13.87096774198872
Egypt,2021,106.695652174,552.916855869,1515.873192976,0.5,48.667498316,96.884371648,111.74863388,9.836065574,19.581056466,141.16575592,168.196754,77.5,1.5,57.5,698.468725833,134.7826086956522,292.5160939130435,79.16129032256762,6.967741935468723,13.870967741963655
Egypt,2022,106.695652174,544.760729278,1493.512410289,0.5,47.949599643,95.455221512,111.74863388,9.836065574,19.581056466,141.16575592,168.196754,77.5,1.5,57.5,688.165550433,134.7826086956522,292.5160939130435,79.16129032254399,6.9677419354731835,13.870967741982826
Equatorial Guinea,2020,0.003846154,0.582591694,1.752625127,10.0,1.747775082,9.204948767,0.009267841,0.027803522,0.146431881,0.183503244,0.0235,0.0198,10.0,26.0,11.535315543,0.07615384615384616,0.09038461538461538,5.050505049716957,15.151515149150871,79.79797980113217
Equatorial Guinea,2021,0.003846154,0.568574005,1.752625127,10.0,1.705722015,8.983469279,0.009267841,0.027803522,0.146431881,0.183503244,0.0235,0.0198,10.0,26.0,11.2577653,0.07615384615384616,0.09038461538461538,5.050505050056426,15.151515150169278,79.79797979089153
Equatorial Guinea,2022,0.003846154,0.55446357,1.752625127,10.0,1.663390711,8.760524412,0.009267841,0.027803522,0.146431881,0.183503244,0.0235,0.0198,10.0,26.0,10.978378693,0.07615384615384616,0.09038461538461538,5.050505047284763,15.151515150963101,79.79797980175215
Eritrea,2020,7.518796993,167.108694483,13.402117298,0.5,0.30383399,9.418853689,10.560675883,0.019201229,0.595238095,11.175115207,0.04411,0.582,0.5,7.315,176.831382162,7.956254272043744,0.6030075187969925,94.50171821306424,0.1718213058594144,5.326460481076336
Eritrea,2021,7.518796993,164.170136378,13.166444937,0.5,0.298491157,9.253225869,10.560675883,0.019201229,0.595238095,11.175115207,0.04411,0.582,0.5,7.315,173.721853403,7.956254272043744,0.6030075187969925,94.50171821340062,0.17182130581324168,5.326460481361757
Eritrea,2022,7.518796993,161.316483289,12.93758196,0.5,0.293302697,9.092383604,10.560675883,0.019201229,0.595238095,11.175115207,0.04411,0.582,0.5,7.315,170.702169589,7.956254272043744,0.6030075187969925,94.50171821330804,0.17182130590735054,5.32646048137042
Eswatini,2020,22.305986696,843.4439005,490.463466554,0.66,17.355157794,34.626474245,73.057371097,1.503267974,2.999273784,77.559912854,0.58499,1.068,0.66,4.51,895.425532539,23.680709534368074,12.970953436807097,94.19475655428265,1.938202247236467,3.867041198480886
Eswatini,2021,22.305986696,833.752557822,484.827941153,0.66,17.155743486,34.228608984,73.057371097,1.503267974,2.999273784,77.559912854,0.58499,1.068,0.66,4.51,885.136910292,23.680709534368074,12.970953436807097,94.19475655432234,1.9382022471913918,3.8670411984862585
Eswatini,2022,22.305986696,825.322807049,479.9260327,0.66,16.982288376,33.882536711,73.057371097,1.503267974,2.999273784,77.559912854,0.58499,1.068,0.66,4.51,876.187632136,23.680709534368074,12.970953436807097,94.19475655425539,1.9382022472287126,3.8670411985158935
Ethiopia,2020,7.940163934,81.459718463,264.754596481,20.0,0.429709055,6.811435115,29.623853211,0.156269113,2.47706422,32.257186544,31.484,10.5481,20.0,122.0,88.700862633,8.645983606557376,25.80655737704918,91.83644447747905,0.484447436298249,7.679108086222709
Ethiopia,2021,7.940163934,79.311544031,257.772752375,20.0,0.418377196,6.631810743,29.623853211,0.156269113,2.47706422,32.257186544,31.484,10.5481,20.0,122.0,86.36173197,8.645983606557376,25.80655737704918,91.83644447815259,0.4844474357523703,7.679108086095046
Ethiopia,2022,7.940163934,77.25848455,251.100044139,20.0,0.40754708,6.460139619,29.623853211,0.156269113,2.47706422,32.257186544,31.484,10.5481,20.0,122.0,84.126171248,8.645983606557376,25.80655737704918,91.83644447843183,0.4844474364565699,7.6791080863002925
Gabon,2020,0.024277108,17.351700015,94.723920675,62.0,6.070942189,36.46870946,0.145487365,0.050902527,0.305776173,0.502166065,0.22,0.1391,62.0,166.0,59.891351663,0.08379518072289156,0.13253012048192772,28.971962617633867,10.13659238008238,60.89144500395344
Gabon,2021,0.024277108,16.956126968,92.564464839,62.0,5.932540701,35.637318963,0.145487365,0.050902527,0.305776173,0.502166065,0.22,0.1391,62.0,166.0,58.525986632,0.08379518072289156,0.13253012048192772,28.97196261656693,10.136592379557237,60.89144500387583
Gabon,2022,0.024277108,16.579265551,90.507156853,62.0,5.800685962,34.845255389,0.145487365,0.050902527,0.305776173,0.502166065,0.22,0.1391,62.0,166.0,57.225206901,0.08379518072289156,0.13253012048192772,28.971962617247048,10.136592379709917,60.89144500479052
Gambia,2020,0.49,15.581939737,242.76832838100003,0.5,8.426967409,16.376936662,0.852544585,0.46107003,0.896041757,2.209656372,5.337571725,0.1016,0.5,8.0,40.385843808,1.27,66.7196465625,38.582677165490814,20.86614173288787,40.55118110162132
Gambia,2021,0.49,15.217332231,242.768328381,0.5,8.229781717,15.993726732,0.852544585,0.46107003,0.896041757,2.209656372,5.337571725,0.1016,0.5,8.0,39.44084068,1.27,66.7196465625,38.582677165693724,20.866141733062065,40.55118110124421
Gambia,2022,0.49,14.868365656,242.768328381,0.5,8.041054895,15.62695574,0.852544585,0.46107003,0.896041757,2.209656372,5.337571725,0.1016,0.5,8.0,38.536376291,1.27,66.7196465625,38.582677166437264,20.866141731333343,40.551181102229386
Ghana,2020,1.903914591,33.555143284,4657.089171602,26.3,2.979194964,9.395440119,4.613386232,0.409599712,1.291748145,6.314734089,148.50437,1.4486,26.3,56.2,45.929778368,2.5775800711743773,264.2426512455516,73.05749009966571,6.486412671382826,20.456097226774233
Ghana,2021,1.903914591,32.904179799,4566.742515414,26.3,2.921399141,9.213170344,4.613386232,0.409599712,1.291748145,6.314734089,148.50437,1.4486,26.3,56.2,45.038749284,2.5775800711743773,264.2426512455516,73.05749009928479,6.48641267229378,20.45609722842143
Ghana,2022,1.903914591,32.278352098,4479.88443264,26.3,2.865834999,9.037938587,4.613386232,0.409599712,1.291748145,6.314734089,148.50437,1.4486,26.3,56.2,44.182125685,2.5775800711743773,264.2426512455516,73.05749009934718,6.486412671568135,20.456097226821328
Guinea,2020,0.265486726,44.872618975,137.385001761,38.0,4.487261897,17.201170607,0.923076923,0.092307692,0.353846154,1.369230769,1.837,0.89,38.0,226.0,66.561051479,0.3938053097345133,0.8128318584070796,67.41573033766949,6.741573033015757,25.84269662931477
Guinea,2021,0.265486726,43.762038663,133.984775041,38.0,4.376203866,16.775448154,0.923076923,0.092307692,0.353846154,1.369230769,1.837,0.89,38.0,226.0,64.913690684,0.3938053097345133,0.8128318584070796,67.41573033650745,6.741573033188593,25.842696628763445
Guinea,2022,0.265486726,42.689018257,130.699544231,38.0,4.268901826,16.364123665,0.923076923,0.092307692,0.353846154,1.369230769,1.837,0.89,38.0,226.0,63.322043748,0.3938053097345133,0.8128318584070796,67.41573033695444,6.741573034169212,25.842696628876347
Guinea-Bissau,2020,0.458598726,71.525961689,0.0,14.0,5.910826001,16.937745094,1.133603239,0.093679712,0.268443545,1.495726496,0.0,0.175,14.0,31.4,94.374532784,0.5573248407643312,0.0,75.7894736842886,6.263157895073687,17.947368420637712
Guinea-Bissau,2021,0.458598726,69.942263633,0.0,14.0,5.779950953,16.562716596,1.133603239,0.093679712,0.268443545,1.495726496,0.0,0.175,14.0,31.4,92.284931182,0.5573248407643312,0.0,75.78947368456411,6.263157894760796,17.947368420675083
Guinea-Bissau,2022,0.458598726,68.39136388,0.0,14.0,5.651786321,16.195454919,1.133603239,0.093679712,0.268443545,1.495726496,0.0,0.175,14.0,31.4,90.23860512,0.5573248407643312,0.0,75.78947368374392,6.263157895098457,17.947368421157616
Kenya,2020,10.534201954,61.93345681,474.656078765,3.5,5.802670814,9.479610736,26.661170651,2.497938994,4.080791426,33.239901072,24.785275,4.032,3.5,30.7,77.21573836,13.133550488599349,80.73379478827361,80.20833333387296,7.514880952049475,12.276785714077576
Kenya,2021,10.534201954,60.767581363,465.720845757,3.5,5.693437586,9.301160413,26.661170651,2.497938994,4.080791426,33.239901072,24.785275,4.032,3.5,30.7,75.762179362,13.133550488599349,80.73379478827361,80.20833333297585,7.514880952402558,12.276785714621587
Kenya,2022,10.534201954,59.610199065,456.850703971,3.5,5.585000098,9.124010061,26.661170651,2.497938994,4.080791426,33.239901072,24.785275,4.032,3.5,30.7,74.319209224,13.133550488599349,80.73379478827361,80.2083333332212,7.514880952469054,12.27678571430974
Lesotho,2020,0.12574454,1.699670845,1285.217291736,0.5,8.945636028,8.945636028,0.222612771,1.171646163,1.171646163,2.565905097,2.873395,0.0438,0.5,3.022,19.590942901,1.4493712772998015,95.0825612177366,8.675799085266295,45.662100457366854,45.662100457366854
Lesotho,2021,0.12574454,1.68026948,1270.546821593,0.5,8.843523578,8.843523578,0.222612771,1.171646163,1.171646163,2.565905097,2.873395,0.0438,0.5,3.022,19.367316636,1.4493712772998015,95.0825612177366,8.675799087606759,45.66210045619661,45.66210045619661
Lesotho,2022,0.12574454,1.662212229,1256.892712949,0.5,8.748485418,8.748485418,0.222612771,1.171646163,1.171646163,2.565905097,2.873395,0.0438,0.5,3.022,19.159183066,1.4493712772998015,95.0825612177366,8.675799084303192,45.662100455238686,45.662100455238686
Liberia,2020,0.005301724,2.388598578,46.334928516,45.0,10.370013339,15.574439509,0.022282609,0.09673913,0.145289855,0.264311594,0.2386,0.1459,45.0,232.0,28.333051427,0.06288793103448276,0.10284482758620689,8.430431802074743,36.600411239566974,54.969156954828826
Liberia,2021,0.005301724,2.33870405,45.367055798,45.0,10.15339807,15.24911096,0.022282609,0.09673913,0.145289855,0.264311594,0.2386,0.1459,45.0,232.0,27.74121308,0.06288793103448276,0.10284482758620689,8.4304318028763,36.600411239118024,54.96915695800567
Liberia,2022,0.005301724,2.289098642,44.404791549,45.0,9.938038008,14.92566757,0.022282609,0.09673913,0.145289855,0.264311594,0.2386,0.1459,45.0,232.0,27.15280422,0.06288793103448276,0.10284482758620689,8.430431801640264,36.60041124106039,54.96915695729935
Libya,2020,692.857142857,688.392523972,55.339662097,0.6,39.742248807,99.355622017,679.784366577,39.245283019,98.113207547,817.142857143,0.38989,5.72,0.6,0.7,827.490394795,817.1428571428572,55.69857142857144,83.19039451117017,4.802744425431745,12.006861063518938
Libya,2021,692.857142857,679.731050745,54.643368943,0.6,39.242204992,98.105512479,679.784366577,39.245283019,98.113207547,817.142857143,0.38989,5.72,0.6,0.7,817.078768215,817.1428571428572,55.69857142857144,83.19039451116183,4.802744425452271,12.00686106350829
Libya,2022,692.857142857,671.391323548,53.972940853,0.6,38.760736205,96.901840512,679.784366577,39.245283019,98.113207547,817.142857143,0.38989,5.72,0.6,0.7,807.053900265,817.1428571428572,55.69857142857144,83.1903945111405,4.802744425406126,12.006861063453359
Madagascar,2020,3.857566766,448.994935199,17.043156979,55.0,5.591713847,13.642538416,10.798898095,0.134487815,0.328120365,11.261506276,0.49346,13.4575,55.0,337.0,468.229187461,3.9933234421364987,0.1464272997032641,95.89212873159428,1.1942258186255739,2.9136454499937217
Madagascar,2021,3.857566766,437.841893474,16.619804673,55.0,5.452815581,13.303657533,10.798898095,0.134487815,0.328120365,11.261506276,0.49346,13.4575,55.0,337.0,456.598366587,3.9933234421364987,0.1464272997032641,95.89212873160244,1.1942258185807644,2.9136454500358204
Madagascar,2022,3.857566766,427.108090544,16.212366028,55.0,5.319138451,12.977515059,10.798898095,0.134487815,0.328120365,11.261506276,0.49346,13.4575,55.0,337.0,445.404744054,3.9933234421364987,0.1464272997032641,95.89212873139454,1.1942258186534085,2.9136454499520625
Malawi,2020,6.747685185,59.691137781,2.137567288,2.5,2.441910182,7.325730546,15.04322023,0.615404464,1.846213392,17.504838085,0.041755,1.3568,2.5,17.28,69.458778508,7.851851851851852,0.2416377314814815,85.9375000009898,3.515625000112477,10.546875000337431
Malawi,2021,6.747685185,58.162567669,2.082828485,2.5,2.379377768,7.138133305,15.04322023,0.615404464,1.846213392,17.504838085,0.041755,1.3568,2.5,17.28,67.680078742,7.851851851851852,0.2416377314814815,85.93750000013851,3.515624999595985,10.546875000265494
Malawi,2022,6.747685185,56.68799743,2.030023441,2.5,2.31905444,6.957163321,15.04322023,0.615404464,1.846213392,17.504838085,0.041755,1.3568,2.5,17.28,65.964215191,7.851851851851852,0.2416377314814815,85.93750000035533,3.51562499953218,10.546875000112514
Mali,2020,4.229166667,233.721945768,635.30921022,20.0,0.184214341,4.927733635,7.831790124,0.00617284,0.165123457,8.00308642,13.795,5.186,20.0,120.0,238.833893744,4.321666666666667,11.495833333333334,97.85962205955602,0.07713073639265568,2.0632472040513283
Mali,2021,4.229166667,226.6775591,616.160970993,20.0,0.178662115,4.779211591,7.831790124,0.00617284,0.165123457,8.00308642,13.795,5.186,20.0,120.0,231.635432807,4.321666666666667,11.495833333333334,97.85962205914717,0.07713073636228286,2.063247204058831
Mali,2022,4.229166667,219.957490777,597.894302516,20.0,0.17336551,4.637527392,7.831790124,0.00617284,0.165123457,8.00308642,13.795,5.186,20.0,120.0,224.768383679,4.321666666666667,11.495833333333334,97.85962205927031,0.07713073661088815,2.063247204118807
Mauritania,2020,10.728070175,265.86199393,108.692556799,0.3,6.912846612,20.738539837,11.998314173,0.31197579,0.935927369,13.246217332,0.5,1.3482,0.3,11.4,293.51338038,11.826315789473684,4.385964912280701,90.57917345566976,2.3552066359122077,7.065619908077324
Mauritania,2021,10.728070175,258.296208093,105.599430946,0.3,6.716123808,20.148371424,11.998314173,0.31197579,0.935927369,13.246217332,0.5,1.3482,0.3,11.4,285.160703326,11.826315789473684,4.385964912280701,90.57917345564685,2.3552066360006227,7.065619908001868
Mauritania,2022,10.728070175,250.839018573,102.550702606,0.3,6.522224686,19.566674057,11.998314173,0.31197579,0.935927369,13.246217332,0.5,1.3482,0.3,11.4,276.927917316,11.826315789473684,4.385964912280701,90.57917345572993,2.355206636157794,7.065619908112277
Mauritius,2020,11.086877499,237.682772207,72.372455918,0.893,7.01359,229.110606652,11.068642503,0.32661568,10.66944556,22.064703744,0.09287,0.607,0.893,2.751,473.806968859,22.064703744093055,3.3758633224282075,50.16447368416228,1.4802631579881154,48.355263157849606
Mauritius,2021,10.941475827,235.22553127,72.576063419,0.893,7.033321533,230.536650248,10.923390743,0.326613012,10.705648735,21.95565249,0.09287,0.604,0.893,2.751,472.79550305,21.955652490003637,3.3758633224282075,49.75206611580736,1.487603305790368,48.76033057861378
Mauritius,2022,11.014176663,237.436624795,72.774717309,0.893,7.836192237,250.758151599,10.9967767,0.362929924,11.613757571,22.973464195,0.09287,0.632,0.893,2.751,496.030968632,22.973464194838243,3.3758633224282075,47.86729857811593,1.5797788308684384,50.552922590814035
Morocco,2020,31.572413793,250.271920606,490.880928733,10.0,5.794850062,29.056252906,44.547799564,1.031469365,5.171943091,50.751212019,17.95849,10.573,10.0,29.0,285.123023574,36.45862068965517,61.9258275862069,87.77681909684335,2.032403412871364,10.190777490285285
Morocco,2021,31.572413793,247.764531257,485.962959473,10.0,5.736793428,28.765148179,44.547799564,1.031469365,5.171943091,50.751212019,17.95849,10.573,10.0,29.0,282.266472864,36.45862068965517,61.9258275862069,87.77681909688809,2.032403412914034,10.190777490197874
Morocco,2022,31.572413793,245.278049297,481.085997763,10.0,5.679220888,28.476470774,44.547799564,1.031469365,5.171943091,50.751212019,17.95849,10.573,10.0,29.0,279.433740958,36.45862068965517,61.9258275862069,87.77681909711336,2.032403412891219,10.190777490353295
Mozambique,2020,0.495624136,34.953576712,2408.306957893,17.0,0.812118418,12.08432206,1.279429251,0.029726516,0.442330559,1.751486326,74.13657,1.473,17.0,217.1,47.850017191,0.6784891754951636,34.148581298940584,73.04820094939137,1.6972165647471273,25.25458248377163
Mozambique,2021,0.495624136,33.934867761,2338.117750207,17.0,0.78844953,11.732129003,1.279429251,0.029726516,0.442330559,1.751486326,74.13657,1.473,17.0,217.1,46.455446294,0.6784891754951636,34.148581298940584,73.04820094986988,1.6972165653305389,25.25458248479958
Mozambique,2022,0.495624136,32.949286333,2270.211034055,17.0,0.765550333,11.391388955,1.279429251,0.029726516,0.442330559,1.751486326,74.13657,1.473,17.0,217.1,45.106225621,0.6784891754951636,34.148581298940584,73.04820095091237,1.6972165648095912,25.25458248427804
Namibia,2020,0.503633175,73.659776851,259.653645133,2.1,6.383847327,20.748969679,0.505430269,0.043803957,0.142372917,0.364466054,0.708533,0.119253293,2.1,39.91,53.116106865,0.29880554497619644,1.775326985717865,138.676912143079,12.018665718903682,39.063423326064964
Namibia,2021,0.503633175,71.516302159,252.09781153,2.1,6.621484493,21.90611226,0.490259158,0.045391656,0.150170966,0.314668328,0.708533,0.102959477,2.1,39.91,45.902080306,0.2579791455775495,1.775326985717865,155.8018758240286,14.425238352725563,47.72357181627906
Namibia,2022,0.503633175,69.558308204,245.195804907,2.1,6.44019958,21.306360398,0.224940406,0.020826572,0.06890135,0.314668328,0.708533,0.102959477,2.1,39.91,97.304868182,0.2579791455775495,1.775326985717865,71.48492105646496,6.618579008764685,21.89649993477034
Niger,2020,6.90574743,99.141806555,3.9482894,2.5,1.629750852,8.14782668,10.031599829,0.16490529,0.824432594,11.020937713,0.093644,2.5833078,2.5,34.05,108.919384088,7.586807048458151,0.27501908957415566,91.0231061120394,1.4962909179538364,7.48060296908865
Niger,2021,6.90574743,95.967413459,3.821870253,2.5,1.577568327,7.886943753,10.031599829,0.16490529,0.824432594,11.020937713,0.093644,2.5833078,2.5,34.05,105.431925538,7.586807048458151,0.27501908957415566,91.02310611258942,1.4962909184765003,7.480602969882562
Niger,2022,6.90574743,92.897025451,3.699593074,2.5,1.527095497,7.634608333,10.031599829,0.16490529,0.824432594,11.020937713,0.093644,2.5833078,2.5,34.05,102.058729282,7.586807048458151,0.27501908957415566,91.02310611208459,1.4962909177327297,7.4806029692028595
Nigeria,2020,1.925227114,25.748123047,236.764669179,87.0,9.182406858,23.364902947,4.270290659,1.523255814,3.875036896,9.668217054,50.666735,12.472,87.0,286.2,58.295432852,4.357791754018169,17.70326170510133,44.16833667290736,15.751503005925397,40.08016032116725
Nigeria,2021,1.925227114,25.214011704,231.853293879,87.0,8.991929764,22.880228406,4.270290659,1.523255814,3.875036896,9.668217054,50.666735,12.472,87.0,286.2,57.086169873,4.357791754018169,17.70326170510133,44.1683366743535,15.751503006778014,40.080160320620216
Nigeria,2022,1.925227114,24.691812127,227.051452216,87.0,8.805700695,22.406363092,4.270290659,1.523255814,3.875036896,9.668217054,50.666735,12.472,87.0,286.2,55.903875914,4.357791754018169,17.70326170510133,44.16833667308644,15.751503005885127,40.08016032102844
Rwanda,2020,2.710526316,27.591037604,0.0,7.0,0.765354719,17.603158527,12.125932584,0.336364288,7.736378625,20.198675497,0.0,0.61,7.0,13.3,45.95955085,4.586466165413533,0.0,60.03330557787642,1.6652789351617432,38.30141548696184
Rwanda,2021,2.714285714,27.030548263,0.0,7.0,0.74876865,17.221678949,11.953642384,0.331125828,7.61589404,20.198675497,0.0,0.61,7.0,13.3,45.674887647,4.586466165413533,0.0,59.18032786836075,1.639344262402757,37.70491803307402
Rwanda,2022,2.714285714,26.444890972,0.0,7.0,0.732545456,16.848545494,12.132648676,0.336084451,7.72994237,20.198675497,0.0,0.61,7.0,13.3,44.025981922,4.586466165413533,0.0,60.06655574167979,1.6638935101954953,38.26955074812471
Sao Tome and Principe,2020,1.174311927,117.736334997,179.363947846,2.1,2.759445352,67.606411111,1.174311927,0.027522936,0.674311927,1.876146789,0.039,0.0409,0.0,2.18,188.10219146,1.8761467889908254,1.7889908256880733,62.591687041581686,1.4669926653070373,35.941320293111275
Sao Tome and Principe,2021,1.174311927,115.335576971,175.706543041,2.1,2.703177585,66.227850839,1.174311927,0.027522936,0.674311927,1.876146789,0.039,0.0409,0.0,2.18,184.266605395,1.8761467889908254,1.7889908256880733,62.59168704159,1.466992664897353,35.941320293512646
Sao Tome and Principe,2022,1.174311927,113.12167208,172.333797309,2.1,2.651289189,64.95658514,1.174311927,0.027522936,0.674311927,1.876146789,0.039,0.0409,0.0,2.18,180.729546409,1.8761467889908254,1.7889908256880733,62.59168704158643,1.4669926648296896,35.94132029358387
Senegal,2020,7.078989479,164.312717584,14.89050801,3.5,0.084325781,15.545690362,14.862659151,0.007521938,1.406161985,16.276448698,0.25,3.0616,3.5,38.97,179.942733727,7.856299717731588,0.6415191172696947,91.31389424887084,0.04686256524697175,8.6392431858822
Senegal,2021,7.078989479,160.194152826,14.517271401,3.5,0.082212121,15.156031343,14.862659151,0.007521938,1.406161985,16.276448698,0.25,3.0616,3.5,38.97,175.43239629,7.856299717731588,0.6415191172696947,91.31389424857977,0.04686256514680365,8.639243186273413
Senegal,2022,7.078989479,156.2895078,14.163420836,3.5,0.080208245,14.786611352,14.862659151,0.007521938,1.406161985,16.276448698,0.25,3.0616,3.5,38.97,171.156327398,7.856299717731588,0.6415191172696947,91.31389424860157,0.04686256489570905,8.639243185918456
Sierra Leone,2020,0.0285625,5.77562907,27.803903618,25.0,7.014166594,14.028333189,0.106775701,0.129672897,0.259345794,0.495794393,0.22,0.2122,25.0,160.0,26.818128853,0.132625,0.1375,21.536286523412357,26.154571157619603,52.309142318968036
Sierra Leone,2021,0.0285625,5.64573774,27.178606187,25.0,6.856421106,13.712842213,0.106775701,0.129672897,0.259345794,0.495794393,0.22,0.2122,25.0,160.0,26.215001059,0.132625,0.1375,21.536286522718775,26.154571157822208,52.30914231945902
Sierra Leone,2022,0.0285625,5.521452898,26.580298417,25.0,6.705484373,13.410968747,0.106775701,0.129672897,0.259345794,0.495794393,0.22,0.2122,25.0,160.0,25.637906019,0.132625,0.1375,21.536286520077365,26.154571157373898,52.30914231864826
Somalia,2020,22.319727891,197.042962272,0.0,3.3,0.120111528,0.900836463,24.40130894,0.014874312,0.111557341,24.527740592,0.0,3.298,3.3,14.7,198.063910263,22.435374149659864,0.0,99.48453608249766,0.06064281364561035,0.45482110385674024
Somalia,2021,22.319727891,189.966888094,0.0,3.3,0.115798164,0.86848623,24.40130894,0.014874312,0.111557341,24.527740592,0.0,3.298,3.3,14.7,190.951172488,22.435374149659864,0.0,99.48453608261461,0.06064281381004725,0.4548211035753544
Somalia,2022,22.319727891,184.306200626,0.0,3.3,0.112347577,0.84260683,24.40130894,0.014874312,0.111557341,24.527740592,0.0,3.298,3.3,14.7,185.261155033,22.435374149659864,0.0,99.48453608268291,0.06064281364325289,0.45482110367384304
South Africa,2020,23.347614411,197.96117329,512.230108654,4.8,67.530231019,51.352010087,40.632474699,13.860901902,10.540244917,65.033621518,31.021875,20.31,4.8,51.35,316.843414396,39.5520934761441,60.41260954235638,62.47918192251976,21.313439999292136,16.207378078188103
South Africa,2021,23.41187926,195.47140143,504.399382901,4.8,67.704451468,55.574883554,41.020267254,14.207984765,11.6625581,66.890810118,31.021875,20.89,4.8,51.35,318.750736453,40.68159688412853,60.41260954235638,61.324219546963256,21.24056315019152,17.43521730253149
South Africa,2022,23.055501461,189.793231344,497.31750136,4.8,73.999962487,55.724408493,40.151537534,15.654995967,11.788727466,67.595260967,31.021875,21.11,4.8,51.35,319.517602324,41.110029211295036,60.41260954235638,59.399929757717764,23.159901660742285,17.440168581539947
South Sudan,2020,0.484848485,22.433120558,163.724942564,4.0,21.031050523,18.039967782,1.541425819,1.445086705,1.239563263,4.226075787,3.55838115,0.658,4.0,49.5,61.504138864,1.3292929292929292,7.188648787878789,36.47416413325429,34.19452887472266,29.33130699039715
South Sudan,2021,0.484848485,22.087691818,242.76832838100003,4.0,20.707211079,17.762185503,1.541425819,1.445086705,1.239563263,4.226075787,5.337571725,0.658,4.0,49.5,60.5570884,1.3292929292929292,10.782973181818182,36.47416413435095,34.19452887533477,29.331306990314285
South Sudan,2022,0.484848485,21.776258561,242.76832838100003,4.0,20.415242401,17.51174126,1.541425819,1.445086705,1.239563263,4.226075787,5.337571725,0.658,4.0,49.5,59.703242222,1.3292929292929292,10.782973181818182,36.47416413337714,34.19452887514575,29.331306991477113
Sudan,2020,68.544973545,553.759902572,453.736886593,3.0,1.602932948,20.303817346,114.140969163,0.330396476,4.185022026,118.656387665,21.23,26.935,3.0,37.8,575.666652867,71.25661375661376,56.16402116402117,96.19454241688352,0.2784481157657635,3.5270094671769914
Sudan,2021,68.544973545,539.040109993,441.675860099,3.0,1.560324518,19.764110556,114.140969163,0.330396476,4.185022026,118.656387665,21.23,26.935,3.0,37.8,560.364545066,71.25661375661376,56.16402116402117,96.19454241693889,0.2784481159164387,3.5270094673231283
Sudan,2022,68.544973545,524.670807037,429.902015955,3.0,1.518730626,19.2372546,114.140969163,0.330396476,4.185022026,118.656387665,21.23,26.935,3.0,37.8,545.426792263,71.25661375661376,56.16402116402117,96.1945424169791,0.27844811577713646,3.5270094672437664
Togo,2020,0.517006803,8.76614239,198.099707949,5.7,0.726667067,16.228897819,1.155893536,0.095817491,2.139923954,3.391634981,1.717469,0.223,5.7,14.7,25.721707275,1.5170068027210886,11.683462585034013,34.08071749000962,2.8251121095149,63.09417040436326
Togo,2021,0.517006803,8.560121166,193.443983412,5.7,0.709588991,15.847487475,1.155893536,0.095817491,2.139923954,3.391634981,1.717469,0.223,5.7,14.7,25.117197633,1.5170068027210886,11.683462585034013,34.08071748718242,2.8251121059290187,63.094170402907224
Togo,2022,0.517006803,8.361077074,188.945930015,5.7,0.693089284,15.478994004,1.155893536,0.095817491,2.139923954,3.391634981,1.717469,0.223,5.7,14.7,24.533160362,1.5170068027210886,11.683462585034013,34.08071748860645,2.8251121085628355,63.09417040283071
Tunisia,2020,58.72156013,226.322623986,224.76742845,1.495,5.169509382,68.105571904,74.116996093,1.692930649,22.303472441,98.113399182,2.691378,3.864,1.595,4.615,299.597705272,83.726977248104,58.31804983748645,75.5421753916724,1.725483637235033,22.732340971092565
Tunisia,2021,58.72156013,224.921986929,223.376415992,1.495,5.137516971,67.684088687,74.116996093,1.692930649,22.303472441,98.113399182,2.691378,3.864,1.595,4.615,297.743592587,83.726977248104,58.31804983748645,75.5421753914917,1.7254836372335465,22.73234097127476
Tunisia,2022,58.72156013,223.609647197,222.073094116,1.495,5.107541388,67.289176121,74.116996093,1.692930649,22.303472441,98.113399182,2.691378,3.864,1.595,4.615,296.006364706,83.726977248104,58.31804983748645,75.54217539176699,1.7254836371754783,22.732340971057525
Uganda,2020,0.430948419,5.825834278,1799.502361285,29.0,1.124678432,7.377890513,2.369624886,0.457456542,3.000914913,5.82799634,80.00075,0.637,29.0,60.1,14.328403223,1.059900166389351,133.11272878535772,40.65934066294527,7.849293563951791,51.491365773102935
Uganda,2021,0.430948419,5.641358169,1742.520789712,29.0,1.089065284,7.14426826,2.369624886,0.457456542,3.000914913,5.82799634,80.00075,0.637,29.0,60.1,13.874691713,1.059900166389351,133.11272878535772,40.659340659182256,7.84929356649843,51.49136577431931
Uganda,2022,0.430948419,5.474215084,1690.8930979,29.0,1.056798279,6.932596708,2.369624886,0.457456542,3.000914913,5.82799634,80.00075,0.637,29.0,60.1,13.463610071,1.059900166389351,133.11272878535772,40.6593406607282,7.84929356559646,51.49136577367534
United Republic of Tanzania,2020,4.811467747,75.968303111,1708.937483892,30.0,0.410018907,8.643198562,11.582895724,0.062515629,1.317829457,12.96324081,104.1987,5.184,30.0,96.27,85.02152058,5.384855095045185,108.23589903396699,89.35185185204787,0.4822530862808993,10.16589506167122
United Republic of Tanzania,2021,4.811467747,73.722260487,1658.411853164,30.0,0.397896484,8.387657875,11.582895724,0.062515629,1.317829457,12.96324081,104.1987,5.184,30.0,96.27,82.507814846,5.384855095045185,108.23589903396699,89.35185185136929,0.48225308686537116,10.165895061765335
United Republic of Tanzania,2022,4.811467747,71.578885101,1610.195763151,30.0,0.386328179,8.143798024,11.582895724,0.062515629,1.317829457,12.96324081,104.1987,5.184,30.0,96.27,80.109011304,5.384855095045185,108.23589903396699,89.35185185268404,0.48225308577826603,10.165895061537682
Zambia,2020,1.099236641,60.442632098,5306.222993962,47.0,6.820783136,15.21559315,2.077922078,0.234487734,0.523088023,2.835497836,101.1334,1.572,47.0,104.8,82.479008384,1.5000000000000002,96.5013358778626,73.28244274785096,8.269720101682449,18.447837150466583
Zambia,2021,1.099236641,58.764695701,5158.91794811,47.0,6.631432675,14.793195966,2.077922078,0.234487734,0.523088023,2.835497836,101.1334,1.572,47.0,104.8,80.189324342,1.5000000000000002,96.5013358778626,73.28244274808208,8.269720102288874,18.44783714962904
Zambia,2022,1.099236641,57.162881164,5018.295595411,47.0,6.450672354,14.389961404,2.077922078,0.234487734,0.523088023,2.835497836,101.1334,1.572,47.0,104.8,78.003514922,1.5000000000000002,96.5013358778626,73.2824427478176,8.269720102293316,18.447837149889093
Zimbabwe,2020,21.406246975,275.73132459,6435.928822311,6.0,5.239427244,35.234233673,40.191977047,0.763725122,5.135918137,46.091620306,99.929946,4.909679395,6.0,20.0,316.204985506,24.548396975000003,499.64973,87.2001825489143,1.656971738005877,11.142845713396074
Zimbabwe,2021,21.406246975,271.013007677,6325.797150256,6.0,5.149770118,34.631305148,40.191977047,0.763725122,5.135918137,46.091620306,99.929946,4.909679395,6.0,20.0,310.794082942,24.548396975000003,499.64973,87.20018254902753,1.6569717380884126,11.142845713205825
Zimbabwe,2022,21.406246975,266.428183149,6218.78136463,6.0,5.062649604,34.045434903,40.191977047,0.763725122,5.135918137,46.091620306,99.929946,4.909679395,6.0,20.0,305.536267656,24.548396975000003,499.64973,87.2001825488582,1.6569717378690971,11.1428457132727
